Name(s),name_link,name_extra,Type,"Genomic location (strand)",gene_links,"Reported gene(s)",gene_titles,Phenotype/Disease/Trait,p_desc,"Annotation source","Annotation source",Submitter,"External reference",study_links,"Supporting evidence",evidence_links
MN908947.3:21766:ACATGTC:A,/Sars_cov_2/Variation/Phenotype?ph=5;v=MN908947.3:21766:ACATGTC:A,,Variant,MN908947.3:21767-21772+,"/Sars_cov_2/Gene/Summary?db=core;g=S","S","surface glycoprotein [Source:NCBI gene (formerly Entrezgene);Acc:43740568]","<a href=""/Sars_cov_2/Phenotype/Locations?ph=5"">Evasion immune response</a>","Evasion immune response",,COG-UK
MN908947.3:22920:A:T,/Sars_cov_2/Variation/Phenotype?ph=3;v=MN908947.3:22920:A:T,,Variant,MN908947.3:22920-22920+,"/Sars_cov_2/Gene/Summary?db=core;g=S","S","surface glycoprotein [Source:NCBI gene (formerly Entrezgene);Acc:43740568]","<a href=""/Sars_cov_2/Phenotype/Locations?ph=3"">Increased binding affinity to hACE2 receptor</a>","Increased binding affinity to hACE2 receptor",,COG-UK
MN908947.3:23063:A:T,/Sars_cov_2/Variation/Phenotype?ph=7;v=MN908947.3:23063:A:T,,Variant,MN908947.3:23063-23063+,"/Sars_cov_2/Gene/Summary?db=core;g=S","S","surface glycoprotein [Source:NCBI gene (formerly Entrezgene);Acc:43740568]","<a href=""/Sars_cov_2/Phenotype/Locations?ph=7"">Fast growing lineage</a>","Fast growing lineage",,COG-UK
MN908947.3:22879:C:G,/Sars_cov_2/Variation/Phenotype?ph=3;v=MN908947.3:22879:C:G,,Variant,MN908947.3:22879-22879+,"/Sars_cov_2/Gene/Summary?db=core;g=S","S","surface glycoprotein [Source:NCBI gene (formerly Entrezgene);Acc:43740568]","<a href=""/Sars_cov_2/Phenotype/Locations?ph=3"">Increased binding affinity to hACE2 receptor</a>","Increased binding affinity to hACE2 receptor",,COG-UK
MN908947.3:23063:A:T,/Sars_cov_2/Variation/Phenotype?ph=3;v=MN908947.3:23063:A:T,,Variant,MN908947.3:23063-23063+,"/Sars_cov_2/Gene/Summary?db=core;g=S","S","surface glycoprotein [Source:NCBI gene (formerly Entrezgene);Acc:43740568]","<a href=""/Sars_cov_2/Phenotype/Locations?ph=3"">Increased binding affinity to hACE2 receptor</a>","Increased binding affinity to hACE2 receptor",,COG-UK
MN908947.3:21766:ACATGTC:A,/Sars_cov_2/Variation/Phenotype?ph=6;v=MN908947.3:21766:ACATGTC:A,,Variant,MN908947.3:21767-21772+,"/Sars_cov_2/Gene/Summary?db=core;g=S","S","surface glycoprotein [Source:NCBI gene (formerly Entrezgene);Acc:43740568]","<a href=""/Sars_cov_2/Phenotype/Locations?ph=6"">Diagnostic failure in some assays targeting the S gene including the three-target TaqPath assay and the two-target Biofire assay</a>","Diagnostic failure in some assays targeting the S gene including the three-target TaqPath assay and the two-target Biofire assay",,COG-UK
MN908947.3:22879:C:G,/Sars_cov_2/Variation/Phenotype?ph=4;v=MN908947.3:22879:C:G,,Variant,MN908947.3:22879-22879+,"/Sars_cov_2/Gene/Summary?db=core;g=S","S","surface glycoprotein [Source:NCBI gene (formerly Entrezgene);Acc:43740568]","<a href=""/Sars_cov_2/Phenotype/Locations?ph=4"">Escape to some monoclonal antibodies</a>","Escape to some monoclonal antibodies",,COG-UK
MN908947.3:22920:A:T,/Sars_cov_2/Variation/Phenotype?ph=9;v=MN908947.3:22920:A:T,,Variant,MN908947.3:22920-22920+,"/Sars_cov_2/Gene/Summary?db=core;g=S","S","surface glycoprotein [Source:NCBI gene (formerly Entrezgene);Acc:43740568]","<a href=""/Sars_cov_2/Phenotype/Locations?ph=9"">Escape to some monoclonal antibodies Human/mink associated</a>","Escape to some monoclonal antibodies Human/mink associated",,COG-UK
MN908947.3:23403:A:G,/Sars_cov_2/Variation/Phenotype?ph=1;v=MN908947.3:23403:A:G,,Variant,MN908947.3:23403-23403+,"/Sars_cov_2/Gene/Summary?db=core;g=S","S","surface glycoprotein [Source:NCBI gene (formerly Entrezgene);Acc:43740568]","<a href=""/Sars_cov_2/Phenotype/Locations?ph=1"">Moderate effect on transmissibility</a>","Moderate effect on transmissibility",,COG-UK
MN908947.3:22227:C:T,/Sars_cov_2/Variation/Phenotype?ph=2;v=MN908947.3:22227:C:T,,Variant,MN908947.3:22227-22227+,"/Sars_cov_2/Gene/Summary?db=core;g=S","S","surface glycoprotein [Source:NCBI gene (formerly Entrezgene);Acc:43740568]","<a href=""/Sars_cov_2/Phenotype/Locations?ph=2"">Fast growing lineage but no evidence of mutation effect</a>","Fast growing lineage but no evidence of mutation effect",,COG-UK
